{"cameraMode":{"drawMode":0,"name":"Shaded","section":"Shading Mode"},"sceneLighting":true,"audioPlay":false,"sceneViewState":{"m_AlwaysRefresh":false,"showFog":true,"showSkybox":true,"showFlares":true,"showImageEffects":true,"showParticleSystems":true,"showVisualEffectGraphs":true,"m_FxEnabled":true},"in2DMode":false,"pivot":{"x":1.4292045831680298,"y":-0.3095395863056183,"z":-1.3172295093536378},"rotation":{"x":-0.18812857568264008,"y":0.24089135229587556,"z":-0.04765620827674866,"w":-0.9509539008140564},"size":4.069116115570068,"orthographic":true}